Original,Corregida
10 DE MAYO,10 DE MAYO
14 DE MARZO,14 DE MARZO
1RO DE JULIO,1RO DE JULIO
22 DE SEPTIEMBRE,22 DE SEPTIEMBRE
26 DE OCTUBRE,26 DE OCTUBRE
3 REYNAS,3 REYNAS
4 DE MARZO,4 DE MARZO
4TA ZONA MILITAR,4TA ZONA MILITAR
5 DE MAYO,5 DE MAYO
"5 DE MAYO SECTOR ""A""",5 DE MAYO SECTOR A
A. LOPEZ MATEOS,A LOPEZ MATEOS
ACACIA RESIDENCIAL,ACACIA RESIDENCIAL
ACASSIA BLANCA,ACASSIA BLANCA
ADOLFO DE LA HUERTA,ADOLFO DE LA HUERTA
ADOLFO LOPEZ MATEOS,ADOLFO LOPEZ MATEOS
AEROPUERTO,AEROPUERTO
AGAVES RESIDENCIAL,AGAVES RESIDENCIAL
AGUALURCA,AGUALURCA
AKIWIKI,AKIWIKI
ALAMEDA,ALAMEDA
ALAMEDA LOS FRESNOS,ALAMEDA LOS FRESNOS
ALAMOS,ALAMOS
ALBERTO GUTIERREZ,ALBERTO GUTIERREZ
ALBORADA,ALBORADA
ALCALA RESIDENCIAL,ALCALA RESIDENCIAL
ALCALÁ RESIDENCIAL,ALCALA RESIDENCIAL
ALCATRACES,ALCATRACES
ALCATRAZ\BAHIA DE KINO,ALCATRAZBAHIA DE KINO
ALEGRANZA RESIDENCIAL,ALEGRANZA RESIDENCIAL
ALFREDO NORIEGA,ALFREDO NORIEGA
RESIDENCIAL ALONDRA,ALONDRA
FRACCIONAMIENTO ALONDRAS,ALONDRAS
ALONDRAS RESIDENCIAL,ALONDRAS RESIDENCIAL
ALTA CALIFORNIA RESIDENCIAL,ALTA CALIFORNIA RESIDENCIAL
ALTA CALIFORNIA RESIDENCIAL SECC CORONADO,ALTA CALIFORNIA RESIDENCIAL SECC CORONADO
ALTA FIRENZE RESIDENCIAL,ALTA FIRENZE RESIDENCIAL
RESIDENCIAL ALTACALIFORNIA,ALTACALIFORNIA
ALTADENA,ALTADENA
ALTAMIRA,ALTAMIRA
ALTARES,ALTARES
ALTARES II,ALTARES II
ALTARES SECCION FRANCISCANOS,ALTARES SECCION FRANCISCANOS
ALTARIA RESIDENCIAL,ALTARIA RESIDENCIAL
ALTARIA RESIDENCIAL SECC. NAPOLES,ALTARIA RESIDENCIAL SECC NAPOLES
ALTO VALLE,ALTO VALLE
ALTO VALLE SECTOR A,ALTO VALLE SECTOR A
ALTOS DE ARAGON,ALTOS DE ARAGON
ALVARO OBREGON,ALVARO OBREGON
ÁLVARO OBREGÓN,ALVARO OBREGON
AMAPOLA NORTE,AMAPOLA NORTE
AMAPOLAS,AMAPOLAS
AMPLIACION ALTARES,AMPLIACION ALTARES
AMPLIACION COLOSIO,AMPLIACION COLOSIO
AMPLIACION LADRILLERAS,AMPLIACION LADRILLERAS
AMPLIACIÓN LADRILLERAS,AMPLIACION LADRILLERAS
AMPLIACION LOS OLIVOS,AMPLIACION LOS OLIVOS
AMPLIACIÓN LOS OLIVOS,AMPLIACION LOS OLIVOS
AMPLIACION LUIS DONALDO COLOSIO 3RA.ETAPA,AMPLIACION LUIS DONALDO COLOSIO 3RAETAPA
AMPLIACIONL LUIS DONALDO COLOSIO 3RA.ETAPA,AMPLIACION LUIS DONALDO COLOSIO 3RAETAPA
ANDALUCIA,ANDALUCIA
ANDALUCÍA,ANDALUCIA
ANGEL FLORES,ANGEL FLORES
ANGELES CERRADA MIXCOAC,ANGELES CERRADA MIXCOAC
ANTARA RESIDENCIAL,ANTARA RESIDENCIAL
ANTONIO PARADA CANO,ANTONIO PARADA CANO
ANTORCHA .,ANTORCHA
ANTORCHA CAMPESINA,ANTORCHA CAMPESINA
APOLO,APOLO
ARAGON RESIDENCIAL,ARAGON RESIDENCIAL
ARÁNDANOS,ARANDANOS
ARANDANOS RESIDENCIAL,ARANDANOS RESIDENCIAL
ARANDAS RESIDENCIAL,ARANDAS RESIDENCIAL
ARANJUEZ RESIDENCIAL,ARANJUEZ RESIDENCIAL
ARBOLEDAS,ARBOLEDAS
ARCADIA,ARCADIA
ARCADIA RESIDENCIAL,ARCADIA RESIDENCIAL
ARCADIA SECC. NAPOLES,ARCADIA SECC NAPOLES
ARCO IRIS,ARCO IRIS
ARDENEZ,ARDENEZ
ARIZONA,ARIZONA
ARROYOS,ARROYOS
ARTESANOS\BAHIA DE KINO,ARTESANOSBAHIA DE KINO
ASTURIAS RESIDENCIAL,ASTURIAS RESIDENCIAL
ATARDECERES,ATARDECERES
AZORES RESIDENCIAL,AZORES RESIDENCIAL
BACHOCO,BACHOCO
BAGALONA,BAGALONA
BAHIA DE KINO,BAHIA DE KINO
BAHÍA DE KINO,BAHIA DE KINO
BAHÍA DE KINO NUEVO,BAHIA DE KINO NUEVO
BALDERRAMA,BALDERRAMA
BANUS,BANUS
BANUS II,BANUS II
BARCELONA RESIDENCIAL,BARCELONA RESIDENCIAL
BARRIO CHULO,BARRIO CHULO
BARRIO DE LA CRUZ\BAHIA DE KINO,BARRIO DE LA CRUZBAHIA DE KINO
BELLA VISTA,BELLA VISTA
VISTA BELLA,BELLA VISTA
BENEI RESIDENCIAL,BENEI RESIDENCIAL
BENITO JUAREZ,BENITO JUAREZ
BENITO JUÁREZ,BENITO JUAREZ
BERNARDO ESQUEDA,BERNARDO ESQUEDA
BICENTENARIO,BICENTENARIO
BICENTENARIO 1810,BICENTENARIO 1810
BICENTENARIO 1910,BICENTENARIO 1910
BILBAO RESIDENCIAL,BILBAO RESIDENCIAL
BONANZA,BONANZA
FRACCIONAMIENTO BONANZA,BONANZA
BONILLA,BONILLA
BOSCO RESIDENCIA,BOSCO RESIDENCIA
BRETAÑA,BRETANA
BUENA VENTURA,BUENA VENTURA
BUENAVENTURA,BUENA VENTURA
BUENA VISTA,BUENA VISTA
BUENA VISTA SECCION AMANECERES,BUENA VISTA SECCION AMANECERES
BUENOS AIRES,BUENOS AIRES
BUGAMBILIA,BUGAMBILIA
BURGOS PITIC RESIDENCIAL,BURGOS PITIC RESIDENCIAL
CADIZ RESIDENCIAL,CADIZ RESIDENCIAL
CAFE  COMBATE,CAFE COMBATE
CAFE COMBATE,CAFE COMBATE
CAFE COMBRATE,CAFE COMBATE
CAFE COMBATE II,CAFE COMBATE II
CAFETALES,CAFETALES
CAJEME,CAJEME
CALIFORNIA RESIDENCIAL,CALIFORNIA RESIDENCIAL
CALIFORNIA RESIDENCIAL CDA CORDOBA,CALIFORNIA RESIDENCIAL CDA CORDOBA
CALIFORNIA RESIDENCIAL CDA SARATOGA,CALIFORNIA RESIDENCIAL CDA SARATOGA
CALIFORNIA RESIDENCIAL SANTA ROSA,CALIFORNIA RESIDENCIAL SANTA ROSA
CALIFORNIA RESIDENCIAL SECC MARQUEZ,CALIFORNIA RESIDENCIAL SECC MARQUEZ
CALIFORNIA RESIDENCIAL SECC. SANTA MARTHA,CALIFORNIA RESIDENCIAL SECC SANTA MARTHA
CALIFORNIA RESIDENCIAL SECC. SANTA MONICA,CALIFORNIA RESIDENCIAL SECC SANTA MONICA
CALIFORNIA RESIDENCIAL SECCION SANTA ROSA,CALIFORNIA RESIDENCIAL SECCION SANTA ROSA
CALIFORNIA SECC. MEDITERRANEO,CALIFORNIA SECC MEDITERRANEO
CALIFORNIA SECC. SACRAMENTO,CALIFORNIA SECC SACRAMENTO
CALIFORNIA SECCION MARQUEZA,CALIFORNIA SECCION MARQUEZA
CALIFRONIA RESIDENCIAL CERRADA SANTA ROSA,CALIFRONIA RESIDENCIAL CERRADA SANTA ROSA
CALLE 28 NORTE,CALLE 28 NORTE
CAMINO DEL SERI,CAMINO DEL SERI
CAMINO REAL,CAMINO REAL
CAMINO REAL DEL NORTE,CAMINO REAL DEL NORTE
CAMINO REAL MISION,CAMINO REAL MISION
CAMPANARIO,CAMPANARIO
CAMPESTRE LOS BAGOTES,CAMPESTRE LOS BAGOTES
CAMPESTRE RESIDENCIAL,CAMPESTRE RESIDENCIAL
CAMPIÑA,CAMPINA
CAMPO GRANDE SEGUNDA CERRADA GOLD WARER,CAMPO GRANDE SEGUNDA CERRADA GOLD WARER
CAMPO LA FLORIDA,CAMPO LA FLORIDA
CAMPOGRANDE RESIDENCIAL,CAMPOGRANDE RESIDENCIAL
CANADA DE LOS NEGROS,CANADA DE LOS NEGROS
CAÑADA DE LOS NEGROS,CANADA DE LOS NEGROS
CANTABRIA RESIDENCIAL,CANTABRIA RESIDENCIAL
CANTERAS RESIDENCIAL,CANTERAS RESIDENCIAL
CAPERUZO,CAPERUZO
CAPISTRANO,CAPISTRANO
RESIDENCIAL CAPISTRANO,CAPISTRANO
CAPISTRANO 4TA SECCION,CAPISTRANO 4TA SECCION
CARDENAS RESIDENCIAL,CARDENAS RESIDENCIAL
CARDENO,CARDENO
CARDENO 2,CARDENO 2
PRIVADA CARDENO RESIDENCIAL,CARDENO RESIDENCIAL
CARIDAD,CARIDAD
CARMEN SERDAN,CARMEN SERDAN
CARMEN SERDÁN,CARMEN SERDAN
CARNAVALITO\BAHIA DE KINO,CARNAVALITOBAHIA DE KINO
CARRETERA GUAYMAS - HERMOSILLO,CARRETERA GUAYMAS HERMOSILLO
CARRETERA INTERNACIONAL,CARRETERA INTERNACIONAL
CASA ALTA RDCIAL,CASA ALTA RDCIAL
CASA BLANCA,CASA BLANCA
CASA BONITA,CASA BONITA
CASA BONITA 2,CASA BONITA 2
CASA BONITA RESIDENCIAL,CASA BONITA RESIDENCIAL
CASA GRANDE,CASA GRANDE
CASA GRANDE RESIDENCIAL,CASA GRANDE RESIDENCIAL
CASA GRANDE RESIDENCIAL I,CASA GRANDE RESIDENCIAL
CASA LINDA,CASA LINDA
CASA REAL,CASA REAL
FRACCIONAMIENTO CASA REAL,CASA REAL
CASA SOLARI,CASA SOLARI
CASIA RESIDENCIAL,CASIA RESIDENCIAL
CASTELLO RESIDENCIAL,CASTELLO RESIDENCIAL
CATABIÑA,CATABINA
CATALINAS RESIDENCIAL,CATALINAS RESIDENCIAL
CATAVIÑA RESIDENCIAL,CATAVINA RESIDENCIAL
CCUCURPE,CCUCURPE
CENTENARIO,CENTENARIO
CENTENARIO ISTESSON,CENTENARIO ISTESSON
CENTRAL DE ABASTOS,CENTRAL DE ABASTOS
CENTRO,CENTRO
CENTRO NORTE,CENTRO NORTE
CENTRO ORIENTE,CENTRO ORIENTE
"CENTRO SUR, MERCADO",CENTRO SUR MERCADO
CENTRO\BAHIA DE KINO,CENTROBAHIA DE KINO
CERRADA 940,CERRADA 940
CERRADA ANDALUCIA,CERRADA ANDALUCIA
CERRADA CUCURPE,CERRADA CUCURPE
CERRADA DE MINAS,CERRADA DE MINAS
CERRADA DEL ANGEL,CERRADA DEL ANGEL
CERRADA DEL CID,CERRADA DEL CID
CERRADA DIAMANTE,CERRADA DIAMANTE
CERRADA KUKAPA,CERRADA KUKAPA
CERRADA LA VEREDAS,CERRADA LA VEREDAS
CERRADA MILAN,CERRADA MILAN
CERRADA NORWALK,CERRADA NORWALK
CERRADA PALO VERDE,CERRADA PALO VERDE
CERRADA PIMAS,CERRADA PIMAS
CERRADA ROBLES,CERRADA ROBLES
CERRADA SANTA MONICA,CERRADA SANTA MONICA
CERRADA SANTA MONICA CALIFORNIA,CERRADA SANTA MONICA CALIFORNIA
CERRO,CERRO
CERRO APACHE,CERRO APACHE
CERRO COLORADO,CERRO COLORADO
CERRO DE LA CAMPANA,CERRO DE LA CAMPANA
CERRO DE LA CRUZ,CERRO DE LA CRUZ
CERRO LA CAMPANA,CERRO LA CAMPANA
CEZANNE RESIDENCIAL,CEZANNE RESIDENCIAL
CHANATE,CHANATE
CHINO ABELARDO,CHINO ABELARDO
CHOYAL,CHOYAL
CHULA VISTA,CHULA VISTA
CIENA RESIDENCIAL,CIENA RESIDENCIAL
CIMA II,CIMA II
CIMA RESIDENCIAL,CIMA RESIDENCIAL
CINCO DE MAYO,CINCO DE MAYO
CIRENSE RESIDENCIAL,CIRENSE RESIDENCIAL
CLUB BRITANIA,CLUB BRITANIA
CNOP,CNOP
COLINA BLANCA,COLINA BLANCA
COLINA DEL VALLE,COLINA DEL VALLE
COLINAS DEL VALLE,COLINA DEL VALLE
FRACCIONAMIENTO COLINAS DEL VALLE,COLINA DEL VALLE
COLINAS,COLINAS
COLINAS DE SAN JAVIER,COLINAS DE SAN JAVIER
COLINAS DEL BACHOCO,COLINAS DEL BACHOCO
COLINAS DEL SOL,COLINAS DEL SOL
COLINAS II,COLINAS II
COLONA BLANCA,COLONA BLANCA
COLOSO ALTA,COLOSO ALTA
COLOSO NORTE,COLOSO NORTE
COLOSO ORIENTE,COLOSO ORIENTE
COMERCIAL CEDROS,COMERCIAL CEDROS
COMPOSTELA RESIDENCIAL,COMPOSTELA RESIDENCIAL
CONDESA,CONDESA
RESIDENCIAL CONDOMINAL,CONDOMINAL
CONDOMINIOS SAN PABLO,CONDOMINIOS SAN PABLO
CONQUISTADORES,CONQUISTADORES
CONSTITUCIÓN,CONSTITUCION
CORCELES SECC ALTER REAL,CORCELES SECC ALTER REAL
CORCICA,CORCICA
CORCITA RESIDENCIAL,CORCITA RESIDENCIAL
RESIDENCIAL CORDOBA,CORDOBA
CORDOBA RESIDENCIAL,CORDOBA RESIDENCIAL
PRIVADA CORDOVA,CORDOVA
CORONADO,CORONADO
CORSICA RESIDENCIAL,CORSICA RESIDENCIAL
RESIDENCIOAL CORSICA,CORSICA RESIDENCIAL
CORTIJO PERIODISTAS,CORTIJO PERIODISTAS
CORTIJO PERODISTA,CORTIJO PERODISTA
CORTIJO SECCION PERIODISTAS,CORTIJO SECCION PERIODISTAS
CORTIJO SECCION PIONEROS,CORTIJO SECCION PIONEROS
CORUÑA,CORUNA
COSTA DEL SOL,COSTA DEL SOL
COSTA DEL SOL 2DA ETAPA,COSTA DEL SOL 2DA ETAPA
COUNTRY CLUB,COUNTRY CLUB
CRUZ GALVEZ,CRUZ GALVEZ
CRUZ GÁLVEZ,CRUZ GALVEZ
CUARTEL 15A,CUARTEL 15A
CUARTEL PITIC,CUARTEL PITIC
CUARTEL XV,CUARTEL XV
CUARTEL XX CAFE COMBATE,CUARTEL XX CAFE COMBATE
CUARTEL XX CAFÉ COMBATE,CUARTEL XX CAFE COMBATE
CUATRO OLIVOS,CUATRO OLIVOS
CUAUHTEMOC,CUAUHTEMOC
CUAUHTÉMOC,CUAUHTEMOC
CUCURPE,CUCURPE
CUCURPE II,CUCURPE II
CUEVITAS,CUEVITAS
CUMBRES RESIDENCIAL,CUMBRES RESIDENCIAL
RESIDENCIAL DE ANZA,DE ANZA
FRACCIONAMIENTO DE LAS VEREDAS,DE LAS VEREDAS
RESIDENCIAL DE LOS ALTOS,DE LOS ALTOS
DE LOS POETAS,DE LOS POETAS
DE LOS REYES,DE LOS REYES
PRIVADA DE SAUCE,DE SAUCE
RESIDENCIAL DE TOLEDO,DE TOLEDO
DEL BOSQUE,DEL BOSQUE
RESIDENCIAL DEL CID,DEL CID
DEL CID RESIDENCIAL,DEL CID RESIDENCIAL
PRIVADA DEL MIRADOR I,DEL MIRADOR I
RESIDENCIAL DEL MONTE,DEL MONTE
DEL RAZO,DEL RAZO
PRIVADA DEL REAL,DEL REAL
DILIGENCIAS,DILIGENCIAS
DIVISION DEL NORTE,DIVISION DEL NORTE
DUNAS,DUNAS
ECONATURA,ECONATURA
EJ. EL TRIUNFITO,EJ EL TRIUNFITO
EJIDO CARRILLO MARCOT,EJIDO CARRILLO MARCOT
EJIDO  EL BUEY,EJIDO EL BUEY
EJIDO EL CHANATE,EJIDO EL CHANATE
EJIDO EL CHOYUDO,EJIDO EL CHOYUDO
EJIDO EL REALITO,EJIDO EL REALITO
EJIDO EL TRIUNFITO,EJIDO EL TRIUNFITO
EJIDO EL TRIUNFO,EJIDO EL TRIUNFO
EJIDO EL ZACATON,EJIDO EL ZACATON
EJIDO LA HABANA,EJIDO LA HABANA
EJIDO LA MANGA,EJIDO LA MANGA
EJIDO LA PEAÑA,EJIDO LA PEANA
EJIDO LA VICTORIA,EJIDO LA VICTORIA
EJIDO LAS PLACIITAS,EJIDO LAS PLACIITAS
EJIDO LAS PLACITAS,EJIDO LAS PLACIITAS
EJIDO LOS CHOROS,EJIDO LOS CHOROS
EJIDO MESA DE SERI,EJIDO MESA DE SERI
EJIDO MESA DEL SERI,EJIDO MESA DE SERI
EJIDO MINERO DE PILARES,EJIDO MINERO DE PILARES
EJIDO PLAN DE AYALA,EJIDO PLAN DE AYALA
EJIDO SAN BARTOLO,EJIDO SAN BARTOLO
EJIDO ZAMORA,EJIDO ZAMORA
EJODO EL BUEY,EJODO EL BUEY
EL 33,EL 33
EL ANTORCHA,EL ANTORCHA
EL APACHE,EL APACHE
EL BUEY,EL BUEY
EL CAPERUZO,EL CAPERUZO
EL CHAPARRAL,EL CHAPARRAL
EL CHATARRAL,EL CHATARRAL
EL CHOYUDO,EL CHOYUDO
EL COLOSO,EL COLOSO
EL COLOSO ALTO,EL COLOSO ALTO
EL CONQUISTADOR,EL CONQUISTADOR
EL CORTIJO,EL CORTIJO
EL CORTIJO PERIODISTA,EL CORTIJO PERIODISTA
EL CORTIJO SECCION PIONEROS,EL CORTIJO SECCION PIONEROS
EL CORTIJO UNISON,EL CORTIJO UNISON
EL DORADO I,EL DORADO I
EL EJIDO LA YESCA,EL EJIDO LA YESCA
EL ENCANTO,EL ENCANTO
EL ESPLENDOR,EL ESPLENDOR
EL ESPLENDOR 2,EL ESPLENDOR 2
EL JITO,EL JITO
EL LLANITO,EL LLANITO
EL LLANO,EL LLANO
EL MALECON,EL MALECON
EL MALECÓN,EL MALECON
EL MARIACHI,EL MARIACHI
EL MEZQUITE,EL MEZQUITE
EL MIRADOR,EL MIRADOR
EL NOGAL,EL NOGAL
EL PROGRESO,EL PROGRESO
EL RANCHITO,EL RANCHITO
EL REALENGO,EL REALENGO
EL RECODO,EL RECODO
EL TAZAJAL,EL TAZAJAL
EL TORREON,EL TORREON
EL TRIUNFITO,EL TRIUNFITO
EL TRONCONAL,EL TRONCONAL
EMILIANO ZAPATA,EMILIANO ZAPATA
FRACCIONAMIENTO EMPERADOR,EMPERADOR
EN LA INVASION 3 REYNAS,EN LA INVASION 3 REYNAS
EN LAS PALMITAS,EN LAS PALMITAS
ENCINOS 2,ENCINOS 2
EQUIPAMIENTO EDUCATIVO,EQUIPAMIENTO EDUCATIVO
ESMERALDA,ESMERALDA
FRACCIONAMIENTO ESMERALDA,ESMERALDA
RESIDENCIAL ESMERALDA,ESMERALDA
ESMERALDA RESIDENCIAL,ESMERALDA RESIDENCIAL
ESPERANZA,ESPERANZA
ESPLENDOR 3 ETAPA,ESPLENDOR 3 ETAPA
ESPLENDOR TRES,ESPLENDOR TRES
ESTACION ZAMORA,ESTACION ZAMORA
ESTADIO NUEVO SONORA,ESTADIO NUEVO SONORA
ESTADIO SONORA,ESTADIO SONORA
ESTANSA RESIDENCIAL,ESTANSA RESIDENCIAL
ESTANZA,ESTANZA
RESIDENCIAL ESTANZA,ESTANZA
ESTANZA FLORECIA,ESTANZA FLORECIA
ESTANZA FLORENZA,ESTANZA FLORENZA
ESTANZA SECCION TORREALBA,ESTANZA SECCION TORREALBA
ESTAUS,ESTAUS
EUSEBIO KINO,EUSEBIO KINO
EUSEBIO KINO-ISSSTESON,EUSEBIO KINOISSSTESON
EXT. COLOSIO,EXT COLOSIO
EXTENCION 4 DE MARZO,EXTENCION 4 DE MARZO
FEROCARRILERA,FEROCARRILERA
FERROCARRILERA,FEROCARRILERA
RESIDENCIAL FIRENCE,FIRENCE
FIRENZE,FIRENZE
FIRENZE RESIDENCIAL,FIRENZE RESIDENCIAL
FLAMINGOS,FLAMINGOS
FLORENSA RESIDENCIAL,FLORENSA RESIDENCIAL
FLORENZA RESIDENCIAL,FLORENZA RESIDENCIAL
FLORESTA,FLORESTA
FLORESTA RESIDENCIAL,FLORESTA RESIDENCIAL
FLORESTA SECCION CIPRES,FLORESTA SECCION CIPRES
FLORESTA SECCION SAUCES,FLORESTA SECCION SAUCES
FLORESTA SECCION VILLA ALMENDRAS,FLORESTA SECCION VILLA ALMENDRAS
"FLORESTA SECCION ""VILLA CIRUELOS""",FLORESTA SECCION VILLA CIRUELOS
FLORESTA VILLA ALMENDRAS,FLORESTA VILLA ALMENDRAS
FLORESTA VILLA FRESNOS,FLORESTA VILLA FRESNOS
FONAPO,FONAPO
FONHAPO,FONHAPO
FOVISSSTE,FOVISSSTE
FRAC. TOPACIO,FRAC TOPACIO
FRACC. CANTERAS,FRACC CANTERAS
FRACC. CARDENO RESIDENCIAL,FRACC CARDENO RESIDENCIAL
FRACC. DE LA CAPILLA,FRACC DE LA CAPILLA
FRACC. ESTANZA FLORENZA,FRACC ESTANZA FLORENZA
FRACC. LA CAÑADA,FRACC LA CANADA
FRACC. PASEO DEL CID,FRACC PASEO DEL CID
FRACC. RETORNO DE LA MISION,FRACC RETORNO DE LA MISION
FRACC: RIO DE PLATA,FRACC RIO DE PLATA
FRACC. URBI VILLA DEL CEDRO,FRACC URBI VILLA DEL CEDRO
FRACC. URBIVILLA CAMPESTRE,FRACC URBIVILLA CAMPESTRE
FRACC. VILLAS ROMANZA,FRACC VILLAS ROMANZA
FRACC. VISTA REAL,FRACC VISTA REAL
FRACC.DALLAS RESIDENCIAL,FRACCDALLAS RESIDENCIAL
FRACC.SANTA ANITA,FRACCSANTA ANITA
FRANCISCO E. KINO ISSSTESON,FRANCISCO E KINO ISSSTESON
FRANCISCO ROMERO,FRANCISCO ROMERO
FRANCISCO ROMERO (INVACION ),FRANCISCO ROMERO INVACION
FRANCISCO VILLA,FRANCISCO VILLA
FRANSICO ROMERO,FRANSICO ROMERO
FRESNO RESIDENCIAL,FRESNO RESIDENCIAL
RESIDENCIAL FRESNOS,FRESNOS
FRESNOS ALAMEDA,FRESNOS ALAMEDA
FUENTE CIBELES,FUENTE CIBELES
FUENTE DANZANTE,FUENTE DANZANTE
FUENTE  DE PIEDRA,FUENTE DE PIEDRA
FUENTE DE PIEDRA,FUENTE DE PIEDRA
FUENTES DE MEZQUITAL,FUENTES DE MEZQUITAL
FUENTES DEL MEZQUITAL,FUENTES DE MEZQUITAL
FUENTES DEL CENTENARIO,FUENTES DEL CENTENARIO
GABY PEREYRA,GABY PEREYRA
GALA,GALA
RESIDENCIAL GALA,GALA
GALA  3,GALA 3
GALA 3,GALA 3
GALA II,GALA II
GALA RESIDENCIAL,GALA RESIDENCIAL
GENOVA RESIDENCIAL,GENOVA RESIDENCIAL
GIRASOLES,GIRASOLES
GUAYACAN,GUAYACAN
H. AYUNTAMIENTO,H AYUNTAMIENTO
HACIENDA DE LA FLOR,HACIENDA DE LA FLOR
HACIENDAS DE LA FLOR,HACIENDA DE LA FLOR
HACIENDA DE LOS TESOROS,HACIENDA DE LOS TESOROS
HACIENDA DEL SOL,HACIENDA DEL SOL
HACIENDA EL ANGAR,HACIENDA EL ANGAR
HACIENDA LAS MINITAS,HACIENDA LAS MINITAS
HACIENDA LAS PLACITAS,HACIENDA LAS PLACITAS
HACIENDA LOS ALCATRACES,HACIENDA LOS ALCATRACES
HACIENDA LOS LIRIOS,HACIENDA LOS LIRIOS
HACIENDA LOS TESOROS,HACIENDA LOS TESOROS
HACIENDA RESIDENCIAL,HACIENDA RESIDENCIAL
HACIENDAS RESIDENCIAL,HACIENDA RESIDENCIAL
HACIENDA RESIDENCIAL CONDOMINAL,HACIENDA RESIDENCIAL CONDOMINAL
HACIENDA SAN MIGUEL,HACIENDA SAN MIGUEL
FRACC HACIENDAS,HACIENDAS
HACIENDAS,HACIENDAS
RESIDENCIAL HACIENDAS,HACIENDAS
HACIENDAS CAMPESTRE,HACIENDAS CAMPESTRE
HACIENDAS DEL SUR,HACIENDAS DEL SUR
HACIENDAS LOS FRESNOS,HACIENDAS LOS FRESNOS
HACIENDAS REAL DEL 14,HACIENDAS REAL DEL 14
HEBERTO CASTILLO,HEBERTO CASTILLO
HECTOR FRANCISCO ROMERO,HECTOR FRANCISCO ROMERO
HERMOSA PROVINCIA,HERMOSA PROVINCIA
HERMOSILLO,HERMOSILLO
HOYO DE BONILLAS,HOYO DE BONILLAS
HUAREQUI,HUAREQUI
HUMBERTO GUTIERRES (LAS CUEVITAS),HUMBERTO GUTIERRES LAS CUEVITAS
HUMBERTO GUTIERREZ,HUMBERTO GUTIERREZ
INALAMBRICA,INALAMBRICA
INAVSION LAS COSECHAS,INAVSION LAS COSECHAS
INDECO CENTENARIO,INDECO CENTENARIO
INN. TRES REYNAS,INN TRES REYNAS
INSURGENTES,INSURGENTES
INTERNACIONAL,INTERNACIONAL
INV 3 REYES,INV 3 REYES
INV. ADOLFO LOPEZ DE LA HUERTA,INV ADOLFO LOPEZ DE LA HUERTA
INV COYOACAN,INV COYOACAN
INV LA COSECHA,INV LA COSECHA
INV. MAQUENAS,INV MAQUENAS
INV. NUEVO HORIZONTE,INV NUEVO HORIZONTE
INV. PLUTARCO ELIAS CALLE,INV PLUTARCO ELIAS CALLE
INV. PROLONGACION RANCHITO,INV PROLONGACION RANCHITO
INV. TEPITO,INV TEPITO
INV. TRES REINAS,INV TRES REINAS
INVACION ANTORCHA,INVACION ANTORCHA
INVACION INSURGENTES 4 ETAPA,INVACION INSURGENTES 4 ETAPA
INVACION LOS LIRIOS O TEPITO,INVACION LOS LIRIOS O TEPITO
INVACION NUEVO SONORA,INVACION NUEVO SONORA
INVACION SAMUEL RIO VARELA,INVACION SAMUEL RIO VARELA
INVASION 3 REYES,INVASION 3 REYES
INVASION 3 REYNAS III,INVASION 3 REYNAS III
INVASION ADOLFO DE LA HUERTA,INVASION ADOLFO DE LA HUERTA
INVASION ADOLFO LOPEZ MATEOS,INVASION ADOLFO LOPEZ MATEOS
INVASION ALCATRACES,INVASION ALCATRACES
INVASION ALTARES,INVASION ALTARES
INVASION ALTARES 3,INVASION ALTARES 3
INVASION COLOSIO,INVASION COLOSIO
INVASIÓN EL CHAPARRAL,INVASION EL CHAPARRAL
INVASIÓN EL MIRADOR,INVASION EL MIRADOR
INVASION EL RANCHITO,INVASION EL RANCHITO
INVASION GUAYACAN,INVASION GUAYACAN
INVASION LA ANTORCHA,INVASION LA ANTORCHA
INVASION LAS 3 REYNAS,INVASION LAS 3 REYNAS
INVASION LAS PEREDAS 2,INVASION LAS PEREDAS 2
INVASION LAS PEREDAS 3,INVASION LAS PEREDAS 3
INVASION MIGUEL VALENCIA,INVASION MIGUEL VALENCIA
INVASION NUEVO SONORA,INVASION NUEVO SONORA
INVASION NUVA ILUSION,INVASION NUVA ILUSION
INVASION PLUTARCO ELIAS CALLES,INVASION PLUTARCO ELIAS CALLES
INVASION REALENGO,INVASION REALENGO
INVASION SAN LUIS,INVASION SAN LUIS
INVASION VILLA BONITA,INVASION VILLA BONITA
ISSSTE,ISSSTE
ISSSTE FEDERAL,ISSSTE FEDERAL
ISSSTESON CENTENARIO,ISSSTESON CENTENARIO
ISSSTESON COLEGIO LUX,ISSSTESON COLEGIO LUX
ISSSTESON NORTE,ISSSTESON NORTE
JACINTO LOPEZ,JACINTO LOPEZ
JARDINES,JARDINES
JARDINES DE MONACO,JARDINES DE MONACO
JARDINES DE MÓNACO,JARDINES DE MONACO
JEREZ DEL VALLE,JEREZ DEL VALLE
VALLE DE JEREZ,JEREZ DEL VALLE
JESUS GARCIA,JESUS GARCIA
JESÚS GARCIA,JESUS GARCIA
JORGE VALDEZ JIULLERAT,JORGE VALDEZ JIULLERAT
JORGE VALDEZ MUÑOZ,JORGE VALDEZ MUNOZ
JOSE LOPEZ PORTILLO,JOSE LOPEZ PORTILLO
JOYAS DEL BACHOCO,JOYAS DEL BACHOCO
KINO,KINO
RESIDENCIAL KINO,KINO
KINO NUEVO,KINO NUEVO
KINO VIEJO,KINO VIEJO
L LA ANTORCHA,L LA ANTORCHA
LA ALAMEDA,LA ALAMEDA
LA ANTORCHA,LA ANTORCHA
LA HANTORCHA,LA ANTORCHA
LA ANTORCHA 2,LA ANTORCHA 2
LA ANTORCHA CAMPESINA,LA ANTORCHA CAMPESINA
LA CAMPANA,LA CAMPANA
LA CAMPINA,LA CAMPINA
LA CAMPIÑA,LA CAMPINA
LA CAMPINA SECC GIRASOLES,LA CAMPINA SECC GIRASOLES
LA CAMPINA SECCION GIRASOLES,LA CAMPINA SECCION GIRASOLES
LA CAÑADA,LA CANADA
RESIDENCIAL LA CAÑADA,LA CANADA
LA CARIDAD,LA CARIDAD
LA CHOLLA,LA CHOLLA
LA CIMA,LA CIMA
LA CIMA SECCION II,LA CIMA SECCION II
LA CIMA2,LA CIMA2
LA COLLA,LA COLLA
LA CORUÑA RESIDENCIAL,LA CORUNA RESIDENCIAL
LA COSECHA,LA COSECHA
LA CUATRO OLIVOS,LA CUATRO OLIVOS
LA ENCANTADA,LA ENCANTADA
RESIDENCIAL LA ENCANTADA,LA ENCANTADA
LA FLORESTA SECC CEIBA,LA FLORESTA SECC CEIBA
LA FLORESTA SECC VILLA FRESNOS,LA FLORESTA SECC VILLA FRESNOS
LA GRANJA LOPEZ,LA GRANJA LOPEZ
RESIDENCIAL LA HACIENDA,LA HACIENDA
LA HERRADURA,LA HERRADURA
LA HUERTA,LA HUERTA
LA INTERNACIONAL,LA INTERNACIONAL
LA JOYA,LA JOYA
LA JOYA I VILLAS DE LOS ZAFIROS,LA JOYA I VILLAS DE LOS ZAFIROS
LA JOYA VILLA DE LAS ESMERALDAS,LA JOYA VILLA DE LAS ESMERALDAS
LA JOYA VILLA DE LOS DIAMANTES,LA JOYA VILLA DE LOS DIAMANTES
LA LENGÜETA,LA LENGUETA
LA MANGA,LA MANGA
LA MARQUEZA,LA MARQUEZA
LA MATANZA,LA MATANZA
LA METALERA,LA METALERA
LA MINITAS,LA MINITAS
LA MOSCA,LA MOSCA
LA NUEVA VICTORIA,LA NUEVA VICTORIA
LA PALOMA RESIDENCIAL 4,LA PALOMA RESIDENCIAL 4
LA PALOMA RESIDENCIAL I,LA PALOMA RESIDENCIAL 4
LA PALOMA RESIDENCIAL II,LA PALOMA RESIDENCIAL II
LA PONDEROSA,LA PONDEROSA
LA RIOJA,LA RIOJA
LA RIOJA NORTE,LA RIOJA NORTE
LA VEBENA,LA VEBENA
LA VENTANA,LA VENTANA
LA VENTANA SECC. LA REJA,LA VENTANA SECC LA REJA
LA VERBENA,LA VERBENA
LA VERBENEA,LA VERBENEA
LA VICTORIA,LA VICTORIA
LA VICTORIA COLONIA PUNTA BELLA,LA VICTORIA COLONIA PUNTA BELLA
LA YESCA,LA YESCA
COL LADRILLERA,LADRILLERA
LADRILLERA,LADRILLERA
LAS AVES,LAS AVES
LAS CARRETAS,LAS CARRETAS
LAS COLINAS,LAS COLINAS
COLONIA LAS COSECHAS,LAS COSECHAS
LAS COSECHAS,LAS COSECHAS
LAS CUEVITAS,LAS CUEVITAS
LAS DILIGENCIAS,LAS DILIGENCIAS
LAS FLORES,LAS FLORES
LAS GLORIAS,LAS GLORIAS
LAS GRANJAS,LAS GRANJAS
LAS HACIENDAS,LAS HACIENDAS
LAS HACIENDAS RESIDENCIAL,LAS HACIENDAS RESIDENCIAL
LAS ISABELES,LAS ISABELES
LAS L OMAS,LAS L OMAS
LAS LADRILLERAS,LAS LADRILLERAS
LAS LOMAS,LAS LOMAS
LAS LOMAS DE CORTES,LAS LOMAS DE CORTES
LAS LOMAS DE PITIC,LAS LOMAS DE PITIC
LAS LOMAS DEL PITIC,LAS LOMAS DE PITIC
LAS LOMAS DEL MIRADOR,LAS LOMAS DEL MIRADOR
LAS LOMAS DEL SOL,LAS LOMAS DEL SOL
LAS LOMAS DEL SUR,LAS LOMAS DEL SUR
LAS LOMAS DUMAS,LAS LOMAS DUMAS
LAS LOMAS ETAPA 2,LAS LOMAS ETAPA 2
LAS LOMAS PRIVADA DEL BOSQUE,LAS LOMAS PRIVADA DEL BOSQUE
LAS LOMAS PRIVADA LAS LOMAS,LAS LOMAS PRIVADA LAS LOMAS
LAS LOMAS SECC BONITA,LAS LOMAS SECC BONITA
LAS LOMAS SECC BONITA 1,LAS LOMAS SECC BONITA 1
LAS LOMAS SECC CASTANOS,LAS LOMAS SECC CASTANOS
LAS LOMAS SECC CASTAÑOS,LAS LOMAS SECC CASTANOS
LAS LOMAS SECC. SEC,LAS LOMAS SECC SEC
LAS LOMAS SECCION BONITA 2,LAS LOMAS SECCION BONITA
LAS LOMAS SECCIÓN BONITA,LAS LOMAS SECCION BONITA
LAS LOMAS SECCIÓN EL PARAÍSO,LAS LOMAS SECCION EL PARAISO
LAS LOMAS SECCION LOS MANZANOS,LAS LOMAS SECCION LOS MANZANOS
LAS LOMAS SECCIÓN LOS MANZANOS,LAS LOMAS SECCION LOS MANZANOS
LAS LOMAS SECCIÓN SEC,LAS LOMAS SECCION SEC
LAS MINITAS,LAS MINITAS
LAS PALMAS,LAS PALMAS
LAS PEREDAS,LAS PEREDAS
LAS PÉREDAS,LAS PEREDAS
LAS PEREDAS 2,LAS PEREDAS 2
LAS PICHONERAS,LAS PICHONERAS
LAS PILAS,LAS PILAS
LAS PLACITAS,LAS PLACITAS
LAS PLACITAS SECC. II,LAS PLACITAS SECC II
LAS PLAZAS,LAS PLAZAS
LAS PRADERAS,LAS PRADERAS
LAS PRADERAS DEL VALLE,LAS PRADERAS DEL VALLE
LAS PRADERAS IV,LAS PRADERAS IV
LAS PRADERAS NORTE,LAS PRADERAS NORTE
LAS PRADERAS SUR,LAS PRADERAS SUR
LAS PROVINCIAS,LAS PROVINCIAS
LAS PROVINCIAS SECC. SALAMANCA,LAS PROVINCIAS SECC SALAMANCA
LAS QUINTAS,LAS QUINTAS
LAS TORRES,LAS TORRES
LAS TRES REYNAS,LAS TRES REYNAS
LAS VEREDAS,LAS VEREDAS
LAS VILLAS,LAS VILLAS
LAS VISTA,LAS VISTA
LAS VISTAS,LAS VISTAS
LASLOMAS,LASLOMAS
LAURA ALICIA FRIAS DE LOPEZ NOGALES,LAURA ALICIA FRIAS DE LOPEZ NOGALES
LAURA ALICIA FRÍAS DE LOPEZ NOGALES,LAURA ALICIA FRIAS DE LOPEZ NOGALES
LEY 57,LEY 57
LIBERTAD,LIBERTAD
LIBRAMIENTO,LIBRAMIENTO
LIRIOS,LIRIOS
LIRIOS II,LIRIOS II
LLANO,LLANO
LLANO VERDE,LLANO VERDE
LO OLIVOS,LO OLIVOS
LOMA BLANCA,LOMA BLANCA
LOMA LINDA,LOMA LINDA
LOMA LINDA \ KINO VIEJO,LOMA LINDA KINO VIEJO
LOMAS ALTAS,LOMAS ALTAS
LOMAS ALTAS PERIFERIA,LOMAS ALTAS PERIFERIA
LOMAS DE CORTEZ,LOMAS DE CORTEZ
LOMAS DE HERMOSILLO,LOMAS DE HERMOSILLO
LOMAS DE KINO,LOMAS DE KINO
LOMAS DE LINDAVISTA,LOMAS DE LINDAVISTA
LOMAS DE MADRID,LOMAS DE MADRID
LOMAS DE REFORMA,LOMAS DE REFORMA
LOMAS DE SAN GERMAN,LOMAS DE SAN GERMAN
LOMAS DEL NORTE Y PARAISO,LOMAS DEL NORTE Y PARAISO
LOMAS DEL PARQUE,LOMAS DEL PARQUE
LOMAS DEL PITIC,LOMAS DEL PITIC
LOMAS DEL RUR,LOMAS DEL RUR
LOMAS DEL SUR,LOMAS DEL SUR
LOPEZ PORTILLO,LOPEZ PORTILLO
LOPEZ PÓRTILLO,LOPEZ PORTILLO
LÓPEZ PORTILLO,LOPEZ PORTILLO
LOPEZS RIESGO,LOPEZS RIESGO
LORETO,LORETO
LORETO RESIDENCIAL,LORETO RESIDENCIAL
LOS ALAMOS,LOS ALAMOS
LOS ÁLAMOS,LOS ALAMOS
LOS ALTOS,LOS ALTOS
LOS ANGELES,LOS ANGELES
LOS ARCOS,LOS ARCOS
LOS ARROYOS,LOS ARROYOS
LOS ARROYOS II,LOS ARROYOS II
LOS ATARDECERES,LOS ATARDECERES
LOS CHOROS,LOS CHOROS
LOS CIRIOS,LOS CIRIOS
LOS ENCINOS,LOS ENCINOS
LOS ENCINOS I ETAPA III,LOS ENCINOS I ETAPA III
LOS ENCINOS RESIDENCIAL,LOS ENCINOS RESIDENCIAL
LOS FRESNOS,LOS FRESNOS
LOS IGUALADOS,LOS IGUALADOS
LOS JARDINES,LOS JARDINES
LOS LAGOS,LOS LAGOS
LOS LAGOS SECC. LAGO ESCONDIDO,LOS LAGOS SECC LAGO ESCONDIDO
LOS LIRIOS,LOS LIRIOS
LOS LIRIOS INV. TEPITO,LOS LIRIOS INV TEPITO
LOS LOMAS,LOS LOMAS
LOS MANANTIALES,LOS MANANTIALES
LOS MIRASOLES,LOS MIRASOLES
LOS MISIONEROS,LOS MISIONEROS
LOS NARANJOS,LOS NARANJOS
LOS OLIVOS,LOS OLIVOS
LOS PINOS CAMPESTRE,LOS PINOS CAMPESTRE
LOS PINOS RESIDENCIAL,LOS PINOS RESIDENCIAL
LOS POLVORINES,LOS POLVORINES
LOS PORTALES,LOS PORTALES
LOS ROSALES,LOS ROSALES
LOS SABINOS,LOS SABINOS
RESIDENCIAL LOS SANTOS,LOS SANTOS
LOS SAUCES,LOS SAUCES
LOS TULIPANES,LOS TULIPANES
LOS VINEDOS,LOS VINEDOS
LOS VIÑEDOS I,LOS VINEDOS I
LOSOLIVOS,LOSOLIVOS
LOTE BALDIO,LOTE BALDIO
LUIS DONALDO COLOSIO,LUIS DONALDO COLOSIO
LUIS ENCINAS,LUIS ENCINAS
LUZ VALENCIA,LUZ VALENCIA
MACHI LOPEZ,MACHI LOPEZ
MAGISTERIAL,MAGISTERIAL
MALECON,MALECON
MALLORCA RESIDENCIAL,MALLORCA RESIDENCIAL
MANUEL GOMEZ MORIN,MANUEL GOMEZ MORIN
MANUEL GÓMEZ MORIN,MANUEL GOMEZ MORIN
MARGARITAS OLIVOS,MARGARITAS OLIVOS
MARIN PARAISO,MARIN PARAISO
MARQUESA,MARQUESA
MARSELLA RESID.,MARSELLA RESID
MARTIRES DE CANANEA,MARTIRES DE CANANEA
MÁRTIRES DE CANANEA,MARTIRES DE CANANEA
MAYORCA,MAYORCA
MEDITERRANEO,MEDITERRANEO
MEDITERRÁNEO RESIDENCIAL,MEDITERRANEO RESIDENCIAL
MEGACENTRO,MEGACENTRO
MERLOT,MERLOT
MESA DEL SERI,MESA DEL SERI
MESA VERDE,MESA VERDE
RESIDENCIAL MESA VERDE,MESA VERDE
MESA VERDE RESIDENCIAL,MESA VERDE RESIDENCIAL
METALERA,METALERA
MEZQUITAL DEL ORO,MEZQUITAL DEL ORO
MICROPARQUE INDUSTRIAL,MICROPARQUE INDUSTRIAL
MICROPARQUE INDUSTRIAL NORTE,MICROPARQUE INDUSTRIAL NORTE
MIGUEL ALEMAN,MIGUEL ALEMAN
MIGUEL ALEMAN (LA DOCE),MIGUEL ALEMAN LA DOCE
MIGUEL ANGEL JIMENEZ,MIGUEL ANGEL JIMENEZ
MIGUEL HIDALGO,MIGUEL HIDALGO
MIGUEL VALDEZ,MIGUEL VALDEZ
MIGUEL VALENCIA,MIGUEL VALENCIA
MILAN,MILAN
MILÁN,MILAN
MILLAN RESIDENCIAL.,MILLAN RESIDENCIAL
MIRADOR,MIRADOR
MIRADOR DEL BACHOCO,MIRADOR DEL BACHOCO
FRACCIONAMIENTO MIRAMONTES,MIRAMONTES
MIRAMONTES,MIRAMONTES
MISION DE ANDALUCIA,MISION DE ANDALUCIA
MISION DE ANDALUCIA RES,MISION DE ANDALUCIA RES
MISIÓN DEL ARCO,MISION DEL ARCO
MISIÓN DEL REAL,MISION DEL REAL
MISION DEL SOL,MISION DEL SOL
MISIÓN DEL SOL,MISION DEL SOL
MISIÓN SAN IGNACIO,MISION SAN IGNACIO
MISIÓN SAN JERÓNIMO,MISION SAN JERONIMO
MISIONEROS,MISIONEROS
MISSION,MISSION
MIXCOAC,MIXCOAC
MODELO,MODELO
MODELO CENTRO,MODELO CENTRO
MODELO CENTRO (GUAYMAS J. SIERRA),MODELO CENTRO GUAYMAS J SIERRA
MODELO NORTE,MODELO NORTE
MODELO RETORNOS,MODELO RETORNOS
MODELO SUR RETORNOS,MODELO SUR RETORNOS
MOLINO DE CAMOU,MOLINO DE CAMOU
MÓNACO PRIVADA RESIDENCIAL,MONACO PRIVADA RESIDENCIAL
MONACO PRIVADAS,MONACO PRIVADAS
MONACO PRIVADAS RESIDENCIALES,MONACO PRIVADAS RESIDENCIALES
MONTALBAN O CANTERAS,MONTALBAN O CANTERAS
MONTALBAN RESIDENCIAL,MONTALBAN RESIDENCIAL
MONTEALBAN RESIDENCIAL,MONTALBAN RESIDENCIAL
MONTE ALBAN SECC. 2,MONTE ALBAN SECC 2
MONTE BELLO RESIDENCIAL,MONTE BELLO RESIDENCIAL
MONTE CARLO,MONTE CARLO
MONTE ELENA,MONTE ELENA
MONTE REAL,MONTE REAL
MONTE SERENO,MONTE SERENO
MONTEBELLO RESIDENCIAL,MONTEBELLO RESIDENCIAL
MONTECARLO,MONTECARLO
MONTECARLOS,MONTECARLOS
MONTEROSA,MONTEROSA
MORELOS,MORELOS
MURAN,MURAN
MURANO,MURANO
MURANO RESIDENCIAL,MURANO RESIDENCIAL
NACAMERI,NACAMERI
NAPOLES,NAPOLES
NATURA,NATURA
NAVARRETE,NAVARRETE
RESIDENCIAL NAVARRETE,NAVARRETE
NAZAREO RESIDENCIAL,NAZAREO RESIDENCIAL
NORBERTO ORTEGA,NORBERTO ORTEGA
NUEVA CASTILLA,NUEVA CASTILLA
NUEVA ESPAÑA,NUEVA ESPANA
NUEVA ESPERANZA,NUEVA ESPERANZA
NUUEVA ESPERANZA.,NUEVA ESPERANZA
NUEVA GALICIA,NUEVA GALICIA
NUEVA ILUSION,NUEVA ILUSION
NUEVA PALMIRA,NUEVA PALMIRA
NUEVA PROVINCIA,NUEVA PROVINCIA
NUEVA VICTORIA,NUEVA VICTORIA
NUEVA VILLA SUREÑA,NUEVA VILLA SURENA
NUEVO AMANECER,NUEVO AMANECER
NUEVO DESIERTO,NUEVO DESIERTO
NUEVO HERMAOSILLO,NUEVO HERMAOSILLO
NUEVO HERMOSILLO,NUEVO HERMAOSILLO
NUEVO HORIZONTE,NUEVO HORIZONTE
NUEVO MEXICO,NUEVO MEXICO
NUEVO POROGRESO,NUEVO POROGRESO
NUEVO PROGRESO,NUEVO POROGRESO
NUEVO SAHUARO,NUEVO SAHUARO
NUEVO SONORA\MIGUEL ALEMAN (LA DOCE),NUEVO SONORAMIGUEL ALEMAN LA DOCE
OASIS,OASIS
OASIS DEL PINACATE,OASIS DEL PINACATE
OASIS DEL SOL,OASIS DEL SOL
OASIS LANTANA,OASIS LANTANA
OASIS MESA VERDE,OASIS MESA VERDE
OASIS MIRAMONTES,OASIS MIRAMONTES
OASIS  MONTE REAL,OASIS MONTE REAL
OASIS MONTE REAL,OASIS MONTE REAL
OASIS MONTEREAL,OASIS MONTEREAL
OASIS MONTERREAL,OASIS MONTEREAL
OASIS PALMEIRA,OASIS PALMEIRA
OASIS PINACATE,OASIS PINACATE
OASIS SANTA FE,OASIS SANTA FE
OASIS SECC PINACATE,OASIS SECC PINACATE
OASIS SOLANA,OASIS SOLANA
OASIS SOLERA,OASIS SOLERA
OBISPOS RESIDENCIAL,OBISPOS RESIDENCIAL
OFICINAS FEDERALES,OFICINAS FEDERALES
OLIVARES,OLIVARES
OLOS OLIVOS,OLOS OLIVOS
OPATAS,OPATAS
P. INDUSTRIAL,P INDUSTRIAL
P. INDUSTRIAL DYNATECH,P INDUSTRIAL DYNATECH
P. INDUSTRIAL LA LABOR,P INDUSTRIAL LA LABOR
PALERMO,PALERMO
PALERMO RESIDENCIAL,PALERMO RESIDENCIAL
PALERMO SECCION FERRARA,PALERMO SECCION FERRARA
PALMA DORADA,PALMA DORADA
PALMAR DEL SOL,PALMAR DEL SOL
FRACCIONAMIENTO PALMEIRA,PALMEIRA
PALO FIERRO,PALO FIERRO
PALO VERDE,PALO VERDE
PRIVADA PALO VERDE,PALO VERDE
PALO VERDE FINAL,PALO VERDE FINAL
PALO VERDE INDEUR LOS OLIVOS,PALO VERDE INDEUR LOS OLIVOS
PALOVERDE INDEUR LOS OLIVOS,PALO VERDE INDEUR LOS OLIVOS
PALO VERDE LOS OLIVOS,PALO VERDE LOS OLIVOS
PALO VERDE NORTE,PALO VERDE NORTE
PALO VERDE SUR,PALO VERDE SUR
PALOMA RESIDENCIAL,PALOMA RESIDENCIAL
PAQUE CENTRAL,PAQUE CENTRAL
PARQUE CENTRAL,PAQUE CENTRAL
PARQUE INDUSTRIAL,PARQUE INDUSTRIAL
PARQUE INDUSTRIAL DAMOSA,PARQUE INDUSTRIAL DAMOSA
PARQUE INDUSTRIAL HERMOSILLO,PARQUE INDUSTRIAL HERMOSILLO
PARQUE INDUSTRIAL LATITUDE,PARQUE INDUSTRIAL LATITUDE
PARQUE INDUSTRIAL MONTE ALBAN,PARQUE INDUSTRIAL MONTE ALBAN
PARQUE INDUSTRIAL NORTE,PARQUE INDUSTRIAL NORTE
PARQUE INDUSTRIAL PIMEX,PARQUE INDUSTRIAL PIMEX
PARQUE INDUSTRIAL SONORA,PARQUE INDUSTRIAL SONORA
PARQUE MADERO,PARQUE MADERO
PARQUE MADERO NORTE,PARQUE MADERO NORTE
PARQUE VERSALLES RESID.,PARQUE VERSALLES RESID
PASEO CASA BLANCA,PASEO CASA BLANCA
PASEO DE LA COLINA I,PASEO DE LA COLINA I
PASEO DE LAS MARGARITAS,PASEO DE LAS MARGARITAS
PASEO DE LAS MISIONES,PASEO DE LAS MISIONES
PASEO DE LAS RIVIERAS,PASEO DE LAS RIVIERAS
PASEO DE PALMAS,PASEO DE PALMAS
PASEO DEL CID,PASEO DEL CID
PASEO DEL CID RESIDENCIAL,PASEO DEL CID RESIDENCIAL
PASEO DEL PALMAR,PASEO DEL PALMAR
PASEO DEL PEDREGAL,PASEO DEL PEDREGAL
PASEO DEL SOL,PASEO DEL SOL
PASEO LAS LOMAS,PASEO LAS LOMAS
PASEO REAL,PASEO REAL
PASEO REAL RESIDENCIAL,PASEO REAL RESIDENCIAL
PASEO SAN ANGEL,PASEO SAN ANGEL
PASEO SAN ANGEL II SECC. CERRADA LAS PLACITAS,PASEO SAN ANGEL II SECC CERRADA LAS PLACITAS
PASEO SAN ANGEL II SECC. LOS ALAMOS,PASEO SAN ANGEL II SECC LOS ALAMOS
"PASEO SAN ÁNGEL SECCIÓN LAS PLACITAS II,III, IV, V",PASEO SAN ANGEL SECCION LAS PLACITAS IIIII IV V
PASEODEL PEDREGAL,PASEODEL PEDREGAL
PASEOS DE ROMANZA,PASEOS DE ROMANZA
PASEOS DEL PEDREGAL SECC. DIAMANTE,PASEOS DEL PEDREGAL SECC DIAMANTE
PEDREGAL DE LA VILLA,PEDREGAL DE LA VILLA
PEMEX,PEMEX
RESIDENCIAL PEÑASCO,PENASCO
PERIFERICO SUR,PERIFERICO SUR
PERIODISTA,PERIODISTA
PERISUR,PERISUR
PESQUEIRA,PESQUEIRA
PIE DE CASAS LAS MINITAS,PIE DE CASAS LAS MINITAS
PILARES,PILARES
RESIDENCIAL PIMA,PIMA
PIMENTEL,PIMENTEL
PITIC,PITIC
"PLACITAS , EN EL EJIDO LAS PLACITAS",PLACITAS EN EL EJIDO LAS PLACITAS
PLATINO,PLATINO
PLAZA DE LAS FRANQUICIAS,PLAZA DE LAS FRANQUICIAS
PLAZA GRANDE,PLAZA GRANDE
PLAZA REAL,PLAZA REAL
PLAZA SENDERO,PLAZA SENDERO
PLUTARCO ELIAS,PLUTARCO ELIAS
PLUTARCO ELIAS CALLES,PLUTARCO ELIAS CALLES
POPULAR,POPULAR
PORTAL DE ROMANZA,PORTAL DE ROMANZA
PORTAL DEL LAGO,PORTAL DEL LAGO
PORTAL DEL PITIC,PORTAL DEL PITIC
PORTON DEL ARCO,PORTON DEL ARCO
POTRERO DE BUSHARD,POTRERO DE BUSHARD
PRADERAS,PRADERAS
PRADERAS DEL REAL,PRADERAS DEL REAL
PRADERAS DEL SOL,PRADERAS DEL SOL
PRADERAS DEL VALLE,PRADERAS DEL VALLE
PRADOS DE BUGAMBILIAS,PRADOS DE BUGAMBILIAS
PRADOS DEL CENTENARIO,PRADOS DEL CENTENARIO
PRADOS DEL SOL,PRADOS DEL SOL
PREDIO GUADALUPE,PREDIO GUADALUPE
PRESIDENCIAL PENASCO,PRESIDENCIAL PENASCO
PRIMAVERA,PRIMAVERA
PRIMAVERA\KINO VIEJO,PRIMAVERAKINO VIEJO
PRIMERO HERMOSILLO,PRIMERO HERMOSILLO
PRIV. CASA BLANCA,PRIV CASA BLANCA
PRIV. SAN GERMAN,PRIV SAN GERMAN
PRIVADAS DE REY,PRIVADAS DE REY
PRIVADAS DEL REY,PRIVADAS DE REY
PRIVADAS DE SAN LORENZO,PRIVADAS DE SAN LORENZO
PRIVADAS DEL BOSQUE,PRIVADAS DEL BOSQUE
PRIVADAS DEL MIRADOR,PRIVADAS DEL MIRADOR
PRIVADAS DEL MIRADOR 2,PRIVADAS DEL MIRADOR 2
PRIVADAS DEL REAL,PRIVADAS DEL REAL
PRIVADAS DEL REAL II,PRIVADAS DEL REAL II
PRIVADAS DEL REAL SUR,PRIVADAS DEL REAL SUR
PRIVADAS DEL REY VII ETAPA,PRIVADAS DEL REY VII ETAPA
PRIVADAS DEL SAUCE,PRIVADAS DEL SAUCE
PROGRESISTA,PROGRESISTA
PROGRESO\BAHIA DE KINO,PROGRESOBAHIA DE KINO
PROLONGACION LOS OLIVOS,PROLONGACION LOS OLIVOS
PROYECTO RIO SONORA,PROYECTO RIO SONORA
PROYECTO RIO SONORA HERMOSILLO XXI,PROYECTO RIO SONORA HERMOSILLO XXI
PUBLITOS,PUBLITOS
PUEBLITOS,PUEBLITOS
PUEBLITOS CERRADA GUARIJIOS,PUEBLITOS CERRADA GUARIJIOS
PUEBLITOS SECC PAPAGOS,PUEBLITOS SECC PAPAGOS
PUEBLO ALEGRE,PUEBLO ALEGRE
PUEBLO ALTO,PUEBLO ALTO
PUEBLO BONITO,PUEBLO BONITO
PUEBLO DE ALAMOS,PUEBLO DE ALAMOS
PUEBLO DE ORO,PUEBLO DE ORO
PUEBLO DEL ANGEL,PUEBLO DEL ANGEL
PUEBLO DEL ÁNGEL,PUEBLO DEL ANGEL
PUEBLO DEL SOL,PUEBLO DEL SOL
PUEBLO DEL SOL SECC. ALBINA,PUEBLO DEL SOL SECC ALBINA
PUEBLO DEL SOL SECC ANDINA,PUEBLO DEL SOL SECC ANDINA
PUEBLO ESCONDIDO,PUEBLO ESCONDIDO
PUEBLO GRANDE,PUEBLO GRANDE
PUEBLO NUEVO,PUEBLO NUEVO
PUERAT DEL REY,PUERAT DEL REY
PUERAT REAL,PUERAT REAL
PUERTA DE HIERRO,PUERTA DE HIERRO
PUERTA DEL REAL,PUERTA DEL REAL
PUERTA DEL REY,PUERTA DEL REY
PUERTA EL REY,PUERTA DEL REY
PUERTA DEL REY ALCALA,PUERTA DEL REY ALCALA
PUERTA DEL REY ETAPA VI,PUERTA DEL REY ETAPA VI
PUERTA DEL REY SECC 3,PUERTA DEL REY SECC 3
PUERTA DEL REY SECC. ALTADENA,PUERTA DEL REY SECC ALTADENA
PUERTA DEL REY SECC. CALAFIA,PUERTA DEL REY SECC CALAFIA
PUERTA DEL REY SECC: CASTILLA,PUERTA DEL REY SECC CASTILLA
PUERTA DEL REY SECC. CUEVA,PUERTA DEL REY SECC CUEVA
PUERTA DEL REY SECC. CUEVAS,PUERTA DEL REY SECC CUEVA
PUERTA DEL REY SECC. GALICIA,PUERTA DEL REY SECC GALICIA
PUERTA DEL REY SECCION ALCADENA,PUERTA DEL REY SECCION ALCADENA
PUERTA DEL REY SECCION CORDOVA,PUERTA DEL REY SECCION CORDOVA
PUERTA DEL REY SEGUNDA ETAPA,PUERTA DEL REY SEGUNDA ETAPA
PUERTA DEL SOL,PUERTA DEL SOL
PUERTA ESMERALDA,PUERTA ESMERALDA
PUERTA GRANDE,PUERTA GRANDE
PUERTA REAL,PUERTA REAL
PUERTA REAL RESIDENCIAL 8A ETAPA,PUERTA REAL RESIDENCIAL 8A ETAPA
"PUERTA REAL RESIDENCIAL II, III, IV, V, VI,VII",PUERTA REAL RESIDENCIAL II III IV V VIVII
PUERTA REAL RESIDENCIAL IV,PUERTA REAL RESIDENCIAL IV
PUERTA REAL RESIDENCIAL SECC. CORDOVA,PUERTA REAL RESIDENCIAL SECC CORDOVA
PUERTA REAL RESIDENCIAL V,PUERTA REAL RESIDENCIAL V
PUERTA REAL RESIDENCIAL X,PUERTA REAL RESIDENCIAL V
PUERTA REAL RESIDENCIAL VII ETAPA,PUERTA REAL RESIDENCIAL VII ETAPA
PUERTA REAL RESIDENCIAL XX ETAPA,PUERTA REAL RESIDENCIAL XX ETAPA
PUERTA REAL SECCION DIAMANTE,PUERTA REAL SECCION DIAMANTE
PUERTA REAL VI,PUERTA REAL VI
PUERTA REAL VIII,PUERTA REAL VIII
PUERTA REAL XVIII,PUERTA REAL VIII
PUESTA DEL SOL,PUESTA DEL SOL
PUNTA BELLA,PUNTA BELLA
PUNTA DEL LAGO,PUNTA DEL LAGO
PV.ARAGON,PVARAGON
PRIVADA QUINTA EMILIA,QUINTA EMILIA
QUINTA EMILIA,QUINTA EMILIA
QUINTA ESMELRALDA,QUINTA ESMELRALDA
QUINTA ESMERALDA,QUINTA ESMELRALDA
QUINTA ESMERALDA|,QUINTA ESMELRALDA
QUINTA ESMERAL,QUINTA ESMERAL
QUINTA ESPERALDA,QUINTA ESPERALDA
QUINTA LA PALOMA,QUINTA LA PALOMA
QUINTA REAL,QUINTA REAL
QUINTAS DEL SOL RESIDENCIAL,QUINTAS DEL SOL RESIDENCIAL
QUINTAS DEL SOL RESIDENCIAL ETAPA VII,QUINTAS DEL SOL RESIDENCIAL ETAPA VII
QUINTAS DEL SUR,QUINTAS DEL SUR
QUINTAS RESIDENCIAL,QUINTAS RESIDENCIAL
QUNTA ESMERALDA,QUNTA ESMERALDA
RACQUET CLUB II,RACQUET CLUB II
"RACQUET CLUB II, SECC. NORTE",RACQUET CLUB II SECC NORTE
RAL DEL CARMEN,RAL DEL CARMEN
REAL DEL CARMEN,RAL DEL CARMEN
RAMON CORRAL,RAMON CORRAL
RANCHITO,RANCHITO
RANCHO BONIT,RANCHO BONIT
RANCHO BONITO,RANCHO BONIT
RANCHO GRANDE,RANCHO GRANDE
RANCHO GRANDE ALTARES,RANCHO GRANDE ALTARES
RANCHO LAS COCHERAS,RANCHO LAS COCHERAS
RANCHO SAN IGNACIO,RANCHO SAN IGNACIO
RESIDENCIAL RANCHO SAN IGNACIO,RANCHO SAN IGNACIO
RAQUET CLUB,RAQUET CLUB
REAL CARMEN,REAL CARMEN
REAL DE 14,REAL DE 14
REAL DE CASTILA,REAL DE CASTILA
REAL DE CASTILLA,REAL DE CASTILA
REAL DE COBRE,REAL DE COBRE
REAL DEL COBRE,REAL DE COBRE
REAL DE MA MARQUEZA,REAL DE MA MARQUEZA
REAL DE MINAS,REAL DE MINAS
REAL DE MONTEJO,REAL DE MONTEJO
REAL DEL MONTEJO,REAL DE MONTEJO
REAL DE QUIROGA,REAL DE QUIROGA
REAL DE SEVILLA,REAL DE SEVILLA
REAL DE TOLEDO,REAL DE TOLEDO
REAL DEL TOLEDO,REAL DE TOLEDO
RESIDENCIAL REAL DE TOLEDO,REAL DE TOLEDO
REAL DE TOLEDO RESIDENCIAL,REAL DE TOLEDO RESIDENCIAL
REAL DE VALLE,REAL DE VALLE
REAL DEL ALAMITO,REAL DEL ALAMITO
REAL DEL ARCO,REAL DEL ARCO
REAL DEL CARDO,REAL DEL CARDO
REAL DEL CARMEN RESID.,REAL DEL CARMEN RESID
REAL DEL CARMEN RESIDENCIAL,REAL DEL CARMEN RESIDENCIAL
REAL DEL LLANO,REAL DEL LLANO
REAL DEL SEBILLA,REAL DEL SEBILLA
REAL SE SEVILLA,REAL SE SEVILLA
RED 2000,RED 2000
REFORMA,REFORMA
RENACIMIENTO,RENACIMIENTO
RESEIDENCIAL PENASCO,RESEIDENCIAL PENASCO
PRIVADA RESIDENCIAL DEL PEDREGAL,RESIDENCIAL DEL PEDREGAL
RESIDENCILA VENTURA,RESIDENCILA VENTURA
RESIENCIAL VILLA CONCORDIA,RESIENCIAL VILLA CONCORDIA
RETORNO EL DORADO PRIMERA SECC.,RETORNO EL DORADO PRIMERA SECC
REVOLUCION 1,REVOLUCION 1
REVOLUCION 2,REVOLUCION 2
REVOLUCIÓN I,REVOLUCION I
REVOLUCIÓN II,REVOLUCION I
RINCON AGRADABLE,RINCON AGRADABLE
RINCÓN DE LA HERRADURA,RINCON DE LA HERRADURA
RINCON DE MARQUEZ,RINCON DE MARQUEZ
RINCÓN DEL MARQUEZ,RINCON DE MARQUEZ
RINCÓN DE PALMAS,RINCON DE PALMAS
RINCONADA DE LA CRUZ,RINCONADA DE LA CRUZ
RINCONADA NUEVO LEON,RINCONADA NUEVO LEON
RIO BONITO,RIO BONITO
RIO DE PLATA,RIO DE PLATA
RIO GRANDE,RIO GRANDE
RIO SECO,RIO SECO
RIO SONORA,RIO SONORA
RESIDENCIAL RIOJA NORTE,RIOJA NORTE
RIOJA NORTE RESIDENCIAL,RIOJA NORTE RESIDENCIAL
RIOJAS RESIDENCIAL,RIOJAS RESIDENCIAL
RIVELLO RESIDENCIAL,RIVELLO RESIDENCIAL
PRIVADA ROBLES,ROBLES
ROMANZA RESIDENCIAL,ROMANZA RESIDENCIAL
PRIVADA ROSALES,ROSALES
ROSALES,ROSALES
ROSARIO I. DE PIEDRA,ROSARIO I DE PIEDRA
COLONIA RURAL,RURAL
RURAL,RURAL
SA JOSE DE LAS MINITAS,SA JOSE DE LAS MINITAS
SAN JOSE DE LAS MINITAS,SA JOSE DE LAS MINITAS
SABINOS,SABINOS
SABINOSBRITANIA,SABINOSBRITANIA
SACRAMENTO RESIDENCIAL,SACRAMENTO RESIDENCIAL
SAHUARIA INDECO,SAHUARIA INDECO
SAHUARO,SAHUARO
SAHUARO FINAL,SAHUARO FINAL
SAHUARO INDECO,SAHUARO INDECO
SALVADOR ALVARADO\MIGUEL ALEMAN (LA DOCE),SALVADOR ALVARADOMIGUEL ALEMAN LA DOCE
SALVATIERRA RESIDENCIAL,SALVATIERRA RESIDENCIAL
SAN ANDRÉS RESIDENCIAL,SAN ANDRES RESIDENCIAL
SAN ANGEL,SAN ANGEL
SAN ANITA RESIDENCIAL,SAN ANITA RESIDENCIAL
SAN ANTONIO,SAN ANTONIO
COLONIA SAN BENITO,SAN BENITO
SAN BENITO,SAN BENITO
SAN BERNARDINO,SAN BERNARDINO
SAN BOSCO,SAN BOSCO
SAN DIEGO,SAN DIEGO
SAN FRANCISCO,SAN FRANCISCO
SAN FRANCISCO RESIDENCIAL,SAN FRANCISCO RESIDENCIAL
SAN GERMAN,SAN GERMAN
SAN ISIDRO,SAN ISIDRO
SAN ISIDRO/ EL TRIUNFITO,SAN ISIDRO EL TRIUNFITO
SAN ISISDRO,SAN ISISDRO
SAN JAVIER,SAN JAVIER
SAN JERONIMO,SAN JERONIMO
SAN JOSE DE MORADILLAS,SAN JOSE DE MORADILLAS
SAN JUAN,SAN JUAN
SAN JUDAS TADEO,SAN JUDAS TADEO
PRIVADA SAN LORENZO,SAN LORENZO
SAN LORENZO,SAN LORENZO
SAN LUIS,SAN LUIS
SAN LUIS NORTE,SAN LUIS NORTE
SAN LUIS REY,SAN LUIS REY
SAN MARCOS,SAN MARCOS
SAN MARCOS II,SAN MARCOS II
SAN MARCOS RESIDENCIAL,SAN MARCOS RESIDENCIAL
SAN MASRCOS,SAN MASRCOS
SAN PABLO,SAN PABLO
SAN PEDRO,SAN PEDRO
SAN PEDRO EL SAUCITO,SAN PEDRO EL SAUCITO
SAN SEBASTIÁN,SAN SEBASTIAN
SANMARCOS,SANMARCOS
SANTA ANITA,SANTA ANITA
SANTA BARBARA,SANTA BARBARA
SANTA BÁRBARA,SANTA BARBARA
SANTA CECILIA,SANTA CECILIA
FRACC SANTA CLARA,SANTA CLARA
SANTA CLARA,SANTA CLARA
SANTA FE,SANTA FE
SANTA ISABEL,SANTA ISABEL
PRIVADA SANTA LUCIA,SANTA LUCIA
SANTA LUCIA,SANTA LUCIA
SANTA LUCIA III ETAPA,SANTA LUCIA III ETAPA
SANTA LUCIA RESIDENCIAL,SANTA LUCIA RESIDENCIAL
SANTA MARIA,SANTA MARIA
SANTA MARTHA,SANTA MARTHA
SANTA MONICA,SANTA MONICA
PRIVADA SANTA ROSA,SANTA ROSA
SANTE FE,SANTE FE
RESIDENCIAL SANTERRA,SANTERRA
SANTERRA RESIDENCIAL,SANTERRA RESIDENCIAL
SANTO NIÑO,SANTO NINO
SARATOGA,SARATOGA
SARATOGA RESIDENCIAL,SARATOGA RESIDENCIAL
PRIVADA SATURNINO CAMPOY,SATURNINO CAMPOY
SECC ALAMOS,SECC ALAMOS
SECCION CORDOVA RESIDENCIAL,SECCION CORDOVA RESIDENCIAL
SECCION LAS PLACITAS,SECCION LAS PLACITAS
SECCION LOS ALAMOS,SECCION LOS ALAMOS
SECCION PLACITAS,SECCION PLACITAS
SECCION SANTA MONICA,SECCION SANTA MONICA
SECTOR A\MIGUEL ALEMAN (LA DOCE),SECTOR AMIGUEL ALEMAN LA DOCE
SECTOR B\MIGUEL ALEMAN (LA DOCE),SECTOR AMIGUEL ALEMAN LA DOCE
SECTOR C\MIGUEL ALEMAN (LA DOCE),SECTOR AMIGUEL ALEMAN LA DOCE
SECTOR D\MIGUEL ALEMAN (LA DOCE),SECTOR AMIGUEL ALEMAN LA DOCE
SECTOR CTEL FFCC,SECTOR CTEL FFCC
FRACC SEDONA,SEDONA
SEDONA RESIDENCIAL,SEDONA RESIDENCIAL
SEMINARIO,SEMINARIO
SEMINARIO RDCIAL,SEMINARIO RDCIAL
RESIDENCIAL SEVILLA,SEVILLA
SIENNA RESIDENCIAL,SIENNA RESIDENCIAL
SIERRA ALTA,SIERRA ALTA
SIERRA BONITA,SIERRA BONITA
SIERRA CLARA,SIERRA CLARA
SIERRA COLORADA,SIERRA COLORADA
SIERRA VISTA,SIERRA VISTA
SIN CLASIFICAR,SIN CLASIFICAR
SIN NOMBRE,SIN NOMBRE
SOILIDARIDAD,SOILIDARIDAD
SOLIDARIDAD,SOILIDARIDAD
SOL AGUILAR,SOL AGUILAR
SOL AGUILAR (EL TRIUNFO),SOL AGUILAR EL TRIUNFO
SOLARE,SOLARE
SOLEIL RESIDENCIAL,SOLEIL RESIDENCIAL
SOLEIL RESIDENCIAL ETAPA 3,SOLEIL RESIDENCIAL ETAPA 3
SOLEIL RESIDENCIAL ETAPA 4,SOLEIL RESIDENCIAL ETAPA 3
SOLIDARIDAD IV ETAPA,SOLIDARIDAD IV ETAPA
SOLIDARIDAD V,SOLIDARIDAD V
SOLIDARIDAD V ETAPA,SOLIDARIDAD V ETAPA
SONACER,SONACER
SONOMEX,SONOMEX
STANZA,STANZA
STANZA RESIDENCIAL,STANZA RESIDENCIAL
STANZA SOLARE,STANZA SOLARE
STAUS,STAUS
SUBASTA,SUBASTA
TELEFONISTA,TELEFONISTA
TEPITO,TEPITO
TERRABLANCA,TERRABLANCA
TERRANOVA,TERRANOVA
RESIDENCIAL TERRAZAS DEL MIRADOR,TERRAZAS DEL MIRADOR
TERRENO TELEFONISTAS,TERRENO TELEFONISTAS
TERRENOS CAMPESTRES NUEVO AMANECER,TERRENOS CAMPESTRES NUEVO AMANECER
TIERRA BONITA,TIERRA BONITA
TIERRA COLORADA,TIERRA COLORADA
TIERRA NUEVA,TIERRA NUEVA
TIERRA NUEVA QUINTA ETAPA,TIERRA NUEVA QUINTA ETAPA
TIRO AL BLANCO,TIRO AL BLANCO
TIROCAPES,TIROCAPES
RESIDENCIAL TOLEDO,TOLEDO
TOPACIO RESIDENCIAL,TOPACIO RESIDENCIAL
TOPAHUE,TOPAHUE
TORRALBA,TORRALBA
TORRE PLATA,TORRE PLATA
TORREPLATA,TORREPLATA
TOSALI,TOSALI
TRES REYES,TRES REYES
TRES REYNAS INVASION,TRES REYNAS INVASION
TRINIDAD SANCHEZ LEYVA,TRINIDAD SANCHEZ LEYVA
TRONCONAL,TRONCONAL
TUBAC,TUBAC
TUMACACORI,TUMACACORI
UNA COLONIA AL SUR DE VISTA REAL,UNA COLONIA AL SUR DE VISTA REAL
UNIÓN DE COLONOS,UNION DE COLONOS
UNION DE LADRILLEROS,UNION DE LADRILLEROS
UNIÓN DE LADRILLEROS,UNION DE LADRILLEROS
PRIVADA UNIVERSIDAD,UNIVERSIDAD
UNIVERSIDAD DE SONORA,UNIVERSIDAD DE SONORA
UNUIN DE LADRILLEROS,UNUIN DE LADRILLEROS
URBI ALAMEDA LOS ENCINOS RESIDENCIAL I,URBI ALAMEDA LOS ENCINOS RESIDENCIAL I
URBI ALAMEDA LOS ENCINOS RESIDENCIAL II,URBI ALAMEDA LOS ENCINOS RESIDENCIAL I
URBI ALAMEDA SECCION LOS FRESNO,URBI ALAMEDA SECCION LOS FRESNO
URBI DE ALAMEDA LOS FRENOS,URBI DE ALAMEDA LOS FRENOS
URBI VILLA,URBI VILLA
URBI VILLA ALAMEDA FRESNOS,URBI VILLA ALAMEDA FRESNOS
URBI VILLA CAMPESTRE,URBI VILLA CAMPESTRE
URBI VILLA DE LOS FRESNOS,URBI VILLA DE LOS FRESNOS
URBI VILLA DEL CEDRO,URBI VILLA DEL CEDRO
URBI VILLA DEL CEDRO SECCION 2,URBI VILLA DEL CEDRO SECCION 2
URBI VILLA DEL PRADO,URBI VILLA DEL PRADO
URBI VILLA DEL REY,URBI VILLA DEL REY
URBI VILLA DEL REY II,URBI VILLA DEL REY II
URBI VILLA DEL REY III SECCION ENCINOS 1,URBI VILLA DEL REY III SECCION ENCINOS 1
URBI VILLA DEL REY III SECCION LOS ENCINOS ETAPA I,URBI VILLA DEL REY III SECCION LOS ENCINOS ETAPA I
URBI VILLA FRESNOS RESIDENCIAL,URBI VILLA FRESNOS RESIDENCIAL
URBI VILLA SECCION FRESNOS,URBI VILLA SECCION FRESNOS
VADO DEL RIO,VADO DEL RIO
VALLADOLID,VALLADOLID
VALLE BONITO,VALLE BONITO
VALLE DE AGUALURCA,VALLE DE AGUALURCA
VALLE DE ARANDAS,VALLE DE ARANDAS
VALLE DE ARANDAS RESIDENCIAL,VALLE DE ARANDAS RESIDENCIAL
VALLE DE LAGO,VALLE DE LAGO
VALLE DE LOS ALMENDROS,VALLE DE LOS ALMENDROS
VALLE DE MARQUEZ,VALLE DE MARQUEZ
VALLE DLE MARQUEZ,VALLE DE MARQUEZ
VALLE DE SANTA MONICA,VALLE DE SANTA MONICA
VALLE DEL PORTAL,VALLE DEL PORTAL
VALLE DEL QIROGA,VALLE DEL QIROGA
VALLE DEL QUIROGA,VALLE DEL QIROGA
VALLE DEL SOL,VALLE DEL SOL
VALLE DORADO,VALLE DORADO
VALLE ESCONDIDO,VALLE ESCONDIDO
VALLE GRANDE,VALLE GRANDE
VALLE HERMOSO,VALLE HERMOSO
VALLE SANTA MONICA,VALLE SANTA MONICA
VALLE SANTA MÓNICA,VALLE SANTA MONICA
VALLE VERDE,VALLE VERDE
VALLES DEL LAGO,VALLES DEL LAGO
VALLES DEL LAGO SECC. AMANECERES,VALLES DEL LAGO SECC AMANECERES
VALLES DEL LAGO SECC ATARDECER,VALLES DEL LAGO SECC ATARDECER
VALLES DEL LAGO SECC. ATARDECER,VALLES DEL LAGO SECC ATARDECER
FRACCIONAMIENTO VELAS,VELAS
VENDIMIAS,VENDIMIAS
RESIDENCIAL VENTURA,VENTURA
VERBENA,VERBENA
VEREDAS,VEREDAS
RESIDENCIAL VERONA,VERONA
VERONA,VERONA
VERONA RESIDENCIAL,VERONA RESIDENCIAL
VERONICA ANZURES,VERONICA ANZURES
VERSALLES,VERSALLES
VERSALLES RESIDENCIAL,VERSALLES RESIDENCIAL
PRIVADA VICTORIA,VICTORIA
VICTORIA,VICTORIA
RESIDENCIAL VILLA BONITA,VILLA BONITA
VILLA BONITA,VILLA BONITA
VILLA CALIFORNIA,VILLA CALIFORNIA
VILLA CALIFORNIA SECC. CORDOVA,VILLA CALIFORNIA SECC CORDOVA
VILLA COLONIA,VILLA COLONIA
VILLA COLONIAL,VILLA COLONIA
VILLA CORSO,VILLA CORSO
VILLA CORTEZ,VILLA CORTEZ
VILLA DE ALCALA,VILLA DE ALCALA
VILLA DE ARANDAS,VILLA DE ARANDAS
VILLA DE CEDROS,VILLA DE CEDROS
VILLA DE CORCELES,VILLA DE CORCELES
VILLA DE LOS CORCELES,VILLA DE LOS CORCELES
VILLA DE LOS CORCELES SECC. ARDENES,VILLA DE LOS CORCELES SECC ARDENES
VILLA DE LOS CORCELES SECC. BRAVANTE,VILLA DE LOS CORCELES SECC BRAVANTE
VILLA DE LOS SAUCES,VILLA DE LOS SAUCES
VILLA DE PARRAS,VILLA DE PARRAS
VILLAS DE PARRAS,VILLA DE PARRAS
VILLA DE REAL,VILLA DE REAL
VILLA DEL REAL,VILLA DE REAL
VILLA DE ROMANZA RESIDENCIAL,VILLA DE ROMANZA RESIDENCIAL
VILLA DE SAN LORENZO,VILLA DE SAN LORENZO
VILLAS DE SAN LORENZO,VILLA DE SAN LORENZO
VILLA DE SANTA MONICA,VILLA DE SANTA MONICA
VILLA DE SERIS,VILLA DE SERIS
VILLA DE SERIS NORTE,VILLA DE SERIS NORTE
VILLA DE SERIS SUR,VILLA DE SERIS SUR
VILLA DEL COLORADO,VILLA DEL COLORADO
VILLA DEL CORTES,VILLA DEL CORTES
VILLAS DEL CORTES,VILLA DEL CORTES
VILLA DEL CORTIJO,VILLA DEL CORTIJO
VILLAS DEL CORTIJO,VILLA DEL CORTIJO
VILLA DEL LAGO,VILLA DEL LAGO
VILLA DEL PITIC,VILLA DEL PITIC
VILLAS DEL PITIC,VILLA DEL PITIC
VILLA DEL PRADO,VILLA DEL PRADO
VILLAS DEL PRADO,VILLA DEL PRADO
VILLA DEL REY,VILLA DEL REY
VILLA DEL REY SECCION CASTAÑOS,VILLA DEL REY SECCION CASTANOS
VILLA DEL SERI,VILLA DEL SERI
VILLAS DEL SERI,VILLA DEL SERI
VILLA DEL SERI NORTE,VILLA DEL SERI NORTE
VILLA DEL SOL,VILLA DEL SOL
VILLA DEL SUR,VILLA DEL SUR
VILLA DORADA,VILLA DORADA
VILLA FLORENCIA,VILLA FLORENCIA
VILLA FONTANA,VILLA FONTANA
VILLA FRESNOS,VILLA FRESNOS
VILLA GUADALUPE,VILLA GUADALUPE
VILLA HERMOSA,VILLA HERMOSA
VILLA HIDALGO,VILLA HIDALGO
VILLA LOURDES,VILLA LOURDES
VILLA MERCEDES,VILLA MERCEDES
VILLA MERLOT RESIDENCIAL,VILLA MERLOT RESIDENCIAL
VILLA REAL,VILLA REAL
VILLA RESIDENCIAL,VILLA RESIDENCIAL
VILLA RESIDENCIAL BONITA ETAPA I AL XII,VILLA RESIDENCIAL BONITA ETAPA I AL XII
"VILLA RESIDENCIAL BONITA IX,X,XI Y XII",VILLA RESIDENCIAL BONITA IXXXI Y XII
VILLA RESIDENCIAL MILAN,VILLA RESIDENCIAL MILAN
VILLA RESIDENCIAL VILLA BONITA,VILLA RESIDENCIAL VILLA BONITA
VILLA ROMANZA RESIDENCIAL,VILLA ROMANZA RESIDENCIAL
VILLA SAN LORENZO,VILLA SAN LORENZO
VILLA SATÉLITE,VILLA SATELITE
VILLA SAUCES,VILLA SAUCES
VILLA SOL,VILLA SOL
VILLA SONORA,VILLA SONORA
VILLA SURENA,VILLA SURENA
VILLA SUREÑA,VILLA SURENA
VILLA TOLEDO,VILLA TOLEDO
VILLA TOSCANA,VILLA TOSCANA
VILLA VERDE,VILLA VERDE
VILLA VERDE 4 ETAPA,VILLA VERDE 4 ETAPA
VILLA VERDE 5TA ETAPA,VILLA VERDE 5TA ETAPA
VILLA VERDE IV ETAPA,VILLA VERDE IV ETAPA
VILLAS DE COLORADA,VILLAS DE COLORADA
VILLAS DE CORTES,VILLAS DE CORTES
VILLAS DE CORTEZ,VILLAS DE CORTEZ
VILLAS DE PALMAR,VILLAS DE PALMAR
VILLAS DEL PALMAR,VILLAS DE PALMAR
VILLAS DE TURIN,VILLAS DE TURIN
VILLAS DEL CENTENARIO,VILLAS DEL CENTENARIO
VILLAS DEL CERRO COLORADO,VILLAS DEL CERRO COLORADO
"VILLAS DEL MEDITERRÁNEO ETAPA II, III",VILLAS DEL MEDITERRANEO ETAPA II III
VILLAS DEL SAN LORENZO,VILLAS DEL SAN LORENZO
VILLAS DEL SUR CERRADA VILLLA GUADALUPE,VILLAS DEL SUR CERRADA VILLLA GUADALUPE
VILLASUREÑA,VILLASURENA
VIÑEDOS,VINEDOS
VIRREYES,VIRREYES
VISTA DEL LAGO,VISTA DEL LAGO
VISTA DEL SOL,VISTA DEL SOL
VISTA HERMOSA,VISTA HERMOSA
VISTA REAL,VISTA REAL
VISTAS,VISTAS
VOLLAS DE ROMANZA,VOLLAS DE ROMANZA
Y GRIEGA,Y GRIEGA
YANITO,YANITO
ZASAFRAS RESIDENCIAL,ZASAFRAS RESIDENCIAL
ZONA INDUSTRIAL,ZONA INDUSTRIAL
ZONA MILITAR CUARTEL XV,ZONA MILITAR CUARTEL XV
